/accessibility-is-not-an-edge-case/                   /blog/accessibility-is-not-an-edge-case/ 				    301
/bug-fixes-and-performance-improvements/  		        /blog/bug-fixes-and-performance-improvements/			  301
/death-of-the-notes-box/                              /blog/death-of-the-notes-box/						            301
/design-is-not-art/                                   /blog/design-is-not-art/						                301
/designing-the-impossible-makes-it-possible/          /blog/designing-the-impossible-makes-it-possible/		301
/error-messages-are-not-funny/                        /blog/error-messages-are-not-funny/					        301
/hear-no-see-no-techno/                               /blog/hear-no-see-no-techno/						            301
/how-to-calculate-reading-time-like-medium/           /blog/how-to-calculate-reading-time-like-medium/		301
/ive-stopped-calling-myself-vegan/                    /blog/ive-stopped-calling-myself-vegan/				      301
/mental-health-and-flexible-working-hours/            /blog/mental-health-and-flexible-working-hours/			301
/one-page-applications-are-not-accessible/		        /blog/one-page-applications-are-not-accessible/			301
/own-your-alpha/                                      /blog/own-your-alpha/							                  301
/semantics-and-accessibility/                         /blog/semantics-and-accessibility/ 					        301
/some-thoughts-on-primary-buttons/                    /blog /some-thoughts-on-primary-buttons/ 				    301
/validation-for-prototypes/                           /blog/validation-for-prototypes/					          301
/what-can-baloo-teach-us-about-design/                /blog/what-can-baloo-teach-us-about-design/ 			  301
/what-is-it-like-to-use-a-screen-reader/  		        /blog/what-is-it-like-to-use-a-screen-reader/			  301
/what-is-normal-anyway/                               /blog/what-is-normal-anyway/						            301
/decks/html-back-to-basics/slides.html                /decks/html-back-to-basics/						              301
/decks/html-forms/slides.html                         /decks/html-forms/							                    301
/decks/wai-aria/slides.html                           /decks/wai-aria/								                    301
/decks/wai-aria                                       /decks/html-wai-aria/								                    301
/decks/automated-accessibility-testing/slides.html	  /decks/automated-accessibility-testing/				      301
/decks/common-wcag-failures/slides.html			          /decks/common-wcag-failures/						            301
/decks/my-adhd-and-me/slides.html				              /decks/my-adhd-and-me/							                301
/work/design-patterns-dwp					                    /work/design-patterns-at-dwp-digital/				        301
/work/dwp-design-patterns					                    /work/design-patterns-at-dwp-digital/				        301